state,district,weekend_minor_share,weekday_minor_share,total_bio,quadrant
Andaman And Nicobar Islands,Andamans,0.13686131386861314,0.18268575323790048,2015,Low Both
Andaman And Nicobar Islands,Nicobar,0.554954954954955,0.5445859872611465,1811,High Both
Andaman And Nicobar Islands,North And Middle Andaman,0.5311158798283262,0.6173932285903961,6383,High Both
Andaman And Nicobar Islands,South Andaman,0.6435707379954883,0.6355633802816901,10487,High Both
Andhra Pradesh,Adilabad,0.2601838193577669,0.22149250261536674,52038,Low Both
Andhra Pradesh,Alluri Sitharama Raju,0.43622300058377117,0.46354742662696724,18607,Low Both
Andhra Pradesh,Anakapalli,0.5274519005161896,0.5265679442508711,6723,High Both
Andhra Pradesh,Anantapur,0.38452010417328336,0.3822065432755038,93565,Low Both
Andhra Pradesh,Ananthapur,0.7761770676445551,0.7534241462959508,84132,High Both
Andhra Pradesh,Ananthapuramu,0.8291707267039335,0.8242734122712594,109602,High Both
Andhra Pradesh,Annamayya,0.5888489208633093,0.5991055972302366,9712,High Both
Andhra Pradesh,Bapatla,0.62312734082397,0.6677067082683308,5982,High Both
Andhra Pradesh,Chittoor,0.6606763992725804,0.6758159462189557,251438,High Both
Andhra Pradesh,Cuddapah,0.6738519552566218,0.6741613843320045,170796,High Both
Andhra Pradesh,Dr. B. R. Ambedkar Konaseema,0.5638111888111889,0.6102032682343563,7306,High Both
Andhra Pradesh,East Godavari,0.6720844230140569,0.6820633255214207,301850,High Both
Andhra Pradesh,Eluru,0.5274445656125045,0.5177952181054937,8230,High Both
Andhra Pradesh,Guntur,0.6412048713698927,0.6444398756135797,291694,High Both
Andhra Pradesh,Hyderabad,0.21718827044116368,0.22275386925224858,105744,Low Both
Andhra Pradesh,Kakinada,0.6074580130942214,0.6117287721441662,11698,High Both
Andhra Pradesh,Karim Nagar,0.23721881390593047,0.22433774834437087,1697,Low Both
Andhra Pradesh,Karimnagar,0.26244678882102535,0.2490617536676902,17127,Low Both
Andhra Pradesh,Khammam,0.3863391510450334,0.37569816904013315,40958,Low Both
Andhra Pradesh,Krishna,0.6308816277802289,0.6285558792457663,233247,High Both
Andhra Pradesh,Kurnool,0.689776575349829,0.6945194073813737,350633,High Both
Andhra Pradesh,Mahabub Nagar,0.06861394323505098,0.0560500831458476,13852,Low Both
Andhra Pradesh,Mahbubnagar,0.23655913978494625,0.19387755102040816,14739,Low Both
Andhra Pradesh,Medak,0.2867945665873127,0.27659435441714586,22445,Low Both
Andhra Pradesh,N. T. R,0.4897360703812317,0.5053343192141122,13559,"High Weekday, Low Weekend"
Andhra Pradesh,Nalgonda,0.1879456872130507,0.16577444682369735,32653,Low Both
Andhra Pradesh,Nandyal,0.5926773455377574,0.5970044792833147,10640,High Both
Andhra Pradesh,Nellore,0.5954819465593125,0.6379550553665774,158477,High Both
Andhra Pradesh,Nizamabad,0.32152347209920284,0.3112486828240253,10979,Low Both
Andhra Pradesh,Palnadu,0.6225669957686883,0.5838967424708051,10053,High Both
Andhra Pradesh,Parvathipuram Manyam,0.48743016759776536,0.474468085106383,10630,Low Both
Andhra Pradesh,Prakasam,0.6377511107175013,0.6456312694569353,212299,High Both
Andhra Pradesh,Rangareddi,0.23674503110719594,0.24601998243302592,54595,Low Both
Andhra Pradesh,Sri Potti Sriramulu Nellore,0.6339673006339673,0.6679742224712805,10135,High Both
Andhra Pradesh,Sri Sathya Sai,0.5694906577937036,0.5345728334357713,10415,High Both
Andhra Pradesh,Srikakulam,0.6770544351650879,0.6345681821876168,192607,High Both
Andhra Pradesh,Tirupati,0.5311138767890479,0.5464922048997772,10398,High Both
Andhra Pradesh,Visakhapatnam,0.6144581762656869,0.6343224319429783,311303,High Both
Andhra Pradesh,Vizianagaram,0.6236209632703008,0.6377150709861927,159998,High Both
Andhra Pradesh,Warangal,0.2816236076281565,0.25763485597064517,51758,Low Both
Andhra Pradesh,West Godavari,0.639925071424721,0.6326106285479789,220414,High Both
Andhra Pradesh,Y. S. R,0.6069057104913679,0.5995353824160115,8608,High Both
Arunachal Pradesh,Anjaw,0.5587392550143266,0.583941605839416,1171,High Both
Arunachal Pradesh,Changlang,0.6382884869872077,0.6742731575388776,8183,High Both
Arunachal Pradesh,East Kameng,0.5857478465152701,0.643046357615894,4297,High Both
Arunachal Pradesh,East Siang,0.621867881548975,0.6942284076954564,3321,High Both
Arunachal Pradesh,Kra Daadi,0.5039787798408488,0.6106604866743917,1240,High Both
Arunachal Pradesh,Kurung Kumey,0.28401826484018267,0.4305010893246187,3390,Low Both
Arunachal Pradesh,Lohit,0.36916299559471366,0.49963715529753266,3891,Low Both
Arunachal Pradesh,Longding,0.5615050651230101,0.6409853249475891,2599,High Both
Arunachal Pradesh,Lower Dibang Valley,0.5555555555555556,0.6326911124922312,2248,High Both
Arunachal Pradesh,Lower Subansiri,0.5167597765363129,0.5906313645621182,2680,High Both
Arunachal Pradesh,Namsai,0.5180348258706468,0.6207053469852105,6003,High Both
Arunachal Pradesh,Papum Pare,0.43090033345683587,0.5597560975609757,9259,"High Weekday, Low Weekend"
Arunachal Pradesh,Siang,0.5838323353293413,0.7025641025641025,1309,High Both
Arunachal Pradesh,Tawang,0.7281553398058253,0.7670639219934995,2464,High Both
Arunachal Pradesh,Tirap,0.7038391224862889,0.7325408618127786,1893,High Both
Arunachal Pradesh,Upper Siang,0.6047745358090185,0.7096546863988724,1796,High Both
Arunachal Pradesh,Upper Subansiri,0.4861693210393965,0.6330306088126472,4166,"High Weekday, Low Weekend"
Arunachal Pradesh,West Kameng,0.4240867579908676,0.5031674208144796,6172,"High Weekday, Low Weekend"
Arunachal Pradesh,West Siang,0.6364399664147775,0.7487698986975398,4646,High Both
Assam,Baksa,0.6001886792452831,0.6928013163307281,17455,High Both
Assam,Barpeta,0.6831594818302101,0.7022980833412796,95421,High Both
Assam,Biswanath,0.5494166094715168,0.6870666264697015,9548,High Both
Assam,Bongaigaon,0.6501625406351588,0.6839624558124416,36608,High Both
Assam,Cachar,0.5467700856679787,0.6695655732673065,66145,High Both
Assam,Charaideo,0.7020280811232449,0.7498690871007156,8293,High Both
Assam,Chirang,0.6724334403812287,0.6646208557990134,27087,High Both
Assam,Darrang,0.5255251078035889,0.6532816104005033,26265,High Both
Assam,Dhemaji,0.5566495224099927,0.6252064631956912,20730,High Both
Assam,Dhubri,0.650802752293578,0.6921645032389367,59475,High Both
Assam,Dibrugarh,0.4938665358194308,0.5889253618898994,26735,"High Weekday, Low Weekend"
Assam,Goalpara,0.5332795482049213,0.6467033239213356,27624,High Both
Assam,Golaghat,0.5628209517288599,0.6345025153717161,20154,High Both
Assam,Hailakandi,0.632193094629156,0.6891773727046479,21123,High Both
Assam,Hojai,0.49102825830020413,0.5433358720487433,29002,"High Weekday, Low Weekend"
Assam,Jorhat,0.6050334889385022,0.6803206483439042,16279,High Both
Assam,Kamrup,0.6166194523135033,0.7237604024934342,43252,High Both
Assam,Kamrup Metro,0.5245241581259151,0.5539696218894754,26762,High Both
Assam,Karbi Anglong,0.6274509803921569,0.6599842203414145,39206,High Both
Assam,Karimganj,0.6125758630981992,0.7061926157452627,35646,High Both
Assam,Kokrajhar,0.6121562952243126,0.6451915559030492,28859,High Both
Assam,Lakhimpur,0.49665667512105144,0.6105318039624609,29772,"High Weekday, Low Weekend"
Assam,Majuli,0.5997973657548126,0.6459290187891441,3382,High Both
Assam,Marigaon,0.5052694372638695,0.5979981572996064,33936,High Both
Assam,Nagaon,0.3343904796423825,0.39097096884547783,117879,Low Both
Assam,Nalbari,0.7058575049281892,0.7334398053083885,20251,High Both
Assam,North Cachar Hills,0.6293577981651376,0.7143830947511929,4024,High Both
Assam,Sibsagar,0.6736842105263158,0.7498159509202454,11380,High Both
Assam,Sonitpur,0.5282747275344437,0.6039919572360355,30117,High Both
Assam,South Salmara Mankachar,0.567219152854512,0.5998757378067723,4848,High Both
Assam,Tinsukia,0.5804646430388333,0.6485170760934691,19249,High Both
Assam,Udalguri,0.541981845688351,0.6032186459489456,22348,High Both
Assam,West Karbi Anglong,0.31717171717171716,0.3205661948376353,3392,Low Both
Bihar,Araria,0.4618112849691797,0.4690855635276823,155444,Low Both
Bihar,Arwal,0.3636972538513061,0.4094702019453908,30704,Low Both
Bihar,Aurangabad,0.4695386495569814,0.48960753532182105,96430,Low Both
Bihar,Banka,0.4836763444811956,0.5194205108654213,98227,"High Weekday, Low Weekend"
Bihar,Begusarai,0.4973343038696858,0.4904593419591811,147208,Low Both
Bihar,Bhagalpur,0.4968339857241538,0.48354435643152666,148314,Low Both
Bihar,Bhojpur,0.37077097568397466,0.42864890627311125,96996,Low Both
Bihar,Buxar,0.42106347897774116,0.442822966507177,57028,Low Both
Bihar,Darbhanga,0.43280822111176986,0.4490676374894294,210380,Low Both
Bihar,East Champaran,0.42813380713147897,0.465003425027941,212134,Low Both
Bihar,Gaya,0.4517097701149425,0.47121275049319905,185172,Low Both
Bihar,Gopalganj,0.4406093158404508,0.4582138792445219,103484,Low Both
Bihar,Jamui,0.5439514441188782,0.5788853783020808,82157,High Both
Bihar,Jehanabad,0.4020339479075212,0.42866762057065905,37430,Low Both
Bihar,Kaimur (Bhabua),0.47724648509135364,0.4823756441050276,78157,Low Both
Bihar,Katihar,0.46000715222314936,0.44796479027218417,217280,Low Both
Bihar,Khagaria,0.4835890318466559,0.4956521739130435,79904,Low Both
Bihar,Kishanganj,0.4254029076975093,0.4018201704604082,141279,Low Both
Bihar,Lakhisarai,0.46001903855306997,0.4551378139435284,49497,Low Both
Bihar,Madhepura,0.3996911196911197,0.46102032224731143,117237,Low Both
Bihar,Madhubani,0.45255303692576676,0.47004805057418525,238135,Low Both
Bihar,Munger,0.41331942270909405,0.43617917996267086,50471,Low Both
Bihar,Muzaffarpur,0.4315208647916343,0.4539195107602246,208544,Low Both
Bihar,Nalanda,0.3968109451512094,0.4561312090460248,117402,Low Both
Bihar,Nawada,0.43843963379160417,0.4502668607472101,86245,Low Both
Bihar,Patna,0.4248705390347615,0.4576682128675857,209014,Low Both
Bihar,Purnea,0.21332518337408313,0.20433996383363473,4954,Low Both
Bihar,Purnia,0.47674154180458345,0.45715108067765753,228551,Low Both
Bihar,Rohtas,0.44131263268281457,0.45170974894302673,111710,Low Both
Bihar,Saharsa,0.34335591711586966,0.3591609589041096,119866,Low Both
Bihar,Samastipur,0.4360580482748408,0.480370942812983,200165,Low Both
Bihar,Saran,0.4047319603835875,0.4346668032576961,148503,Low Both
Bihar,Sheikhpura,0.40236122314292,0.4254834615097439,40423,Low Both
Bihar,Sheohar,0.3840036150022594,0.4041726419022066,32682,Low Both
Bihar,Sitamarhi,0.4476398824731732,0.47657820667470846,182000,Low Both
Bihar,Siwan,0.40862217129762246,0.42650633997521215,125804,Low Both
Bihar,Supaul,0.3973769158427166,0.42982732414038644,112370,Low Both
Bihar,Vaishali,0.40419308508775004,0.44316892658419316,168160,Low Both
Bihar,West Champaran,0.42049773200931717,0.46899323720811537,166817,Low Both
Chandigarh,Chandigarh,0.46787253493535325,0.7101000879150605,74462,"High Weekday, Low Weekend"
Chhattisgarh,Balod,0.31040781331544026,0.3403997131772969,81215,Low Both
Chhattisgarh,Baloda Bazar,0.3924698178841825,0.3764726551196726,140747,Low Both
Chhattisgarh,Balrampur,0.37932076383853036,0.38761731334920857,52243,Low Both
Chhattisgarh,Bastar,0.29615878909038984,0.2915687338034111,94384,Low Both
Chhattisgarh,Bemetara,0.28645918201075443,0.31965067834633054,111710,Low Both
Chhattisgarh,Bijapur,0.40567492546519995,0.3751170347524371,27884,Low Both
Chhattisgarh,Bilaspur,0.3552007819499878,0.3411920509981145,195037,Low Both
Chhattisgarh,Dakshin Bastar Dantewada,0.30336946277097077,0.2931688297815521,27211,Low Both
Chhattisgarh,Dantewada,0.2991583779648049,0.2746715328467153,18928,Low Both
Chhattisgarh,Dhamtari,0.2837729816147082,0.30381385468184685,90278,Low Both
Chhattisgarh,Durg,0.3918876524755947,0.4428307682513409,179851,Low Both
Chhattisgarh,Gariyaband,0.31946198534983583,0.32616131523777997,52088,Low Both
Chhattisgarh,Gaurela-Pendra-Marwahi,0.32271468144044324,0.28462029355456286,2289,Low Both
Chhattisgarh,Janjgir-Champa,0.3034227240649259,0.28035717166502655,180654,Low Both
Chhattisgarh,Jashpur,0.4104161259624535,0.40326308633582597,74603,Low Both
Chhattisgarh,Kabeerdham,0.49401794616151545,0.5190999244007649,32517,"High Weekday, Low Weekend"
Chhattisgarh,Kanker,0.3285410010649627,0.3902814487786459,53209,Low Both
Chhattisgarh,Kawardha,0.370992522790126,0.40462861989579546,60791,Low Both
Chhattisgarh,Khairagarh Chhuikhadan Gandai,0.10821643286573146,0.1455223880597015,1035,Low Both
Chhattisgarh,Kondagaon,0.2591636551368095,0.32656289020228085,57346,Low Both
Chhattisgarh,Korba,0.35678554139099566,0.3036078649601187,101874,Low Both
Chhattisgarh,Koriya,0.2900243309002433,0.3245594467990185,60897,Low Both
Chhattisgarh,Mahasamund,0.28447632711621235,0.3144619265137883,99869,Low Both
Chhattisgarh,Mohla-Manpur-Ambagarh Chouki,0.2511445389143231,0.22048271363339855,4595,Low Both
Chhattisgarh,Mungeli,0.4073841742091585,0.3290013112250826,82567,Low Both
Chhattisgarh,Narayanpur,0.3311186650185414,0.3192790268135787,22173,Low Both
Chhattisgarh,Raigarh,0.23461013556546265,0.2233790976928412,174626,Low Both
Chhattisgarh,Raipur,0.3290331227905574,0.30219622857659667,192369,Low Both
Chhattisgarh,Rajnandgaon,0.30864497750603603,0.3702580292384991,154498,Low Both
Chhattisgarh,Sakti,0.1863091037402964,0.1457614115841964,4024,Low Both
Chhattisgarh,Sarangarh-Bilaigarh,0.0898876404494382,0.11469072164948453,1043,Low Both
Chhattisgarh,Sukma,0.4291792632403986,0.4757167106752169,30139,Low Both
Chhattisgarh,Surajpur,0.30839506172839504,0.3596649972644249,71822,Low Both
Chhattisgarh,Surguja,0.37471612414837246,0.3603988850608542,82860,Low Both
Chhattisgarh,Uttar Bastar Kanker,0.20228245363766048,0.2482058020822804,30301,Low Both
Dadra And Nagar Haveli,Dadra And Nagar Haveli,0.35774410774410775,0.41312965801575136,27235,Low Both
Dadra And Nagar Haveli And Daman And Diu,Dadra And Nagar Haveli,0.27132867132867133,0.28186856690419637,1978,Low Both
Daman And Diu,Daman,0.47543668122270744,0.5258787711043454,5445,"High Weekday, Low Weekend"
Daman And Diu,Diu,0.5503030303030303,0.5679611650485437,3503,High Both
Delhi,Central Delhi,0.4150197628458498,0.44808281398542305,54060,Low Both
Delhi,East Delhi,0.4143338333946616,0.4480200283506333,122805,Low Both
Delhi,New Delhi,0.5453951665578054,0.5494722955145118,4563,High Both
Delhi,North Delhi,0.3964533858757648,0.4331792797997304,60830,Low Both
Delhi,North East,0.04998322710499832,0.05179271385750519,46620,Low Both
Delhi,North East Delhi,0.5156158376462789,0.549266893225381,143096,High Both
Delhi,North West Delhi,0.3868572364175712,0.42177509662970053,325293,Low Both
Delhi,Shahdara,0.3014543851917144,0.3466807165437302,7963,Low Both
Delhi,South Delhi,0.4226160836549234,0.4380230916607845,222936,Low Both
Delhi,South West Delhi,0.452957335393596,0.4787898578967882,141527,Low Both
Delhi,West Delhi,0.3909667541557305,0.4199597898258122,173242,Low Both
Goa,North Goa,0.4536347290007706,0.49908017783228575,37771,Low Both
Goa,South Goa,0.4750923430168713,0.5424223270287354,30584,"High Weekday, Low Weekend"
Gujarat,Ahmadabad,0.061597690086621755,0.06090577824049974,15682,Low Both
Gujarat,Ahmedabad,0.40389435273145574,0.4116102588039661,405490,Low Both
Gujarat,Amreli,0.5006100040666938,0.49369381023219716,68514,"Low Weekday, High Weekend"
Gujarat,Anand,0.4359061640144101,0.45382575660997937,113695,Low Both
Gujarat,Arvalli,0.65311004784689,0.6393183667608061,29669,High Both
Gujarat,Banaskantha,0.48778244351129774,0.4876900547436288,151757,Low Both
Gujarat,Bharuch,0.5001642845408247,0.5032289064001537,76378,High Both
Gujarat,Bhavnagar,0.45894140710084946,0.4694777514121921,141152,Low Both
Gujarat,Botad,0.6337262012692656,0.6387673400986873,16256,High Both
Gujarat,Chhotaudepur,0.5356762513312034,0.5559970506308373,33802,High Both
Gujarat,Dahod,0.5105750445935615,0.5252003584050973,115675,High Both
Gujarat,Devbhumi Dwarka,0.6924984500929944,0.7030289097074545,25464,High Both
Gujarat,Dohad,0.13068669527896995,0.1410094066570188,15716,Low Both
Gujarat,Gandhinagar,0.4472495657209033,0.43625022207307684,76564,Low Both
Gujarat,Gir Somnath,0.6490916772285593,0.6505154225662829,36766,High Both
Gujarat,Jamnagar,0.5038085281158987,0.5043630338733431,81102,High Both
Gujarat,Junagadh,0.32799220154141406,0.3325649652802634,102672,Low Both
Gujarat,Kachchh,0.5618845848279846,0.5342012035329515,123961,High Both
Gujarat,Kheda,0.433553652796555,0.41981895647444284,117161,Low Both
Gujarat,Mahesana,0.4302283976384996,0.4297551789077213,99913,Low Both
Gujarat,Mahisagar,0.580230541670917,0.584141094141567,30952,High Both
Gujarat,Morbi,0.6584658465846585,0.6789762340036563,31879,High Both
Gujarat,Narmada,0.3773294203961849,0.3985450563204005,39198,Low Both
Gujarat,Navsari,0.5100022145124382,0.5392594907045775,45552,High Both
Gujarat,Panchmahals,0.35978423547019206,0.3803510509519093,104768,Low Both
Gujarat,Patan,0.4617144868861116,0.48107369448511467,73949,Low Both
Gujarat,Porbandar,0.47022003034901366,0.454919035272247,30985,Low Both
Gujarat,Rajkot,0.47917673378076064,0.4674749193519799,168711,Low Both
Gujarat,Sabarkantha,0.4079407605864404,0.4115220506038134,90387,Low Both
Gujarat,Surat,0.4767608953061952,0.5002569214642468,281599,"High Weekday, Low Weekend"
Gujarat,Surendra Nagar,0.4793536260004851,0.4605353356608797,95711,Low Both
Gujarat,Tapi,0.3949710180422892,0.42817540322580644,40025,Low Both
Gujarat,The Dangs,0.44148487405086173,0.4642548211468987,27950,Low Both
Gujarat,Vadodara,0.35763115213799584,0.36269602197218037,201417,Low Both
Gujarat,Valsad,0.4563864690575857,0.48107186951153774,84024,Low Both
Haryana,Ambala,0.3309436854682357,0.3806275579809004,72756,Low Both
Haryana,Bhiwani,0.353185955786736,0.4162645494488553,95625,Low Both
Haryana,Charkhi Dadri,0.2743110547988597,0.3252903031217011,9788,Low Both
Haryana,Faridabad,0.45480045546699255,0.5135995370370371,118951,"High Weekday, Low Weekend"
Haryana,Fatehabad,0.3769305241805357,0.4508658503627632,69794,Low Both
Haryana,Gurgaon,0.48218229053907774,0.5054721569942973,70791,"High Weekday, Low Weekend"
Haryana,Hisar,0.39502655865159203,0.48694138837503653,115867,Low Both
Haryana,Jhajjar,0.40590321473515617,0.4551165819649105,56639,Low Both
Haryana,Jind,0.35459869100930075,0.3949837719721071,91268,Low Both
Haryana,Kaithal,0.3520263901979265,0.46268155634872954,79936,Low Both
Haryana,Karnal,0.31993687532877435,0.3557187347337567,94019,Low Both
Haryana,Kurukshetra,0.31816266329540666,0.3405572118844454,69992,Low Both
Haryana,Mahendragarh,0.39598332701780975,0.431268561731014,48832,Low Both
Haryana,Mewat,0.5148574232593642,0.5766845390524968,68325,High Both
Haryana,Palwal,0.4953983234656193,0.5323502569768,58697,"High Weekday, Low Weekend"
Haryana,Panchkula,0.4258813029897367,0.5171609845589359,37369,"High Weekday, Low Weekend"
Haryana,Panipat,0.3619977929456002,0.40807507322894443,79773,Low Both
Haryana,Rewari,0.44726266552473815,0.5266691748907475,49732,"High Weekday, Low Weekend"
Haryana,Rohtak,0.3126833905029549,0.35025978792034457,75970,Low Both
Haryana,Sirsa,0.3610267262859678,0.4436394221546725,97066,Low Both
Haryana,Sonipat,0.3863449615298424,0.4194958447796265,84653,Low Both
Haryana,Yamuna Nagar,0.3514292300599354,0.3898724082934609,88728,Low Both
Himachal Pradesh,Bilaspur,0.43136450642603225,0.4466831140350877,21906,Low Both
Himachal Pradesh,Chamba,0.43319148936170215,0.5062918703603114,33842,"High Weekday, Low Weekend"
Himachal Pradesh,Hamirpur,0.47116949546617065,0.4700663731353092,23819,Low Both
Himachal Pradesh,Kangra,0.4763057324840764,0.5083827525507152,89913,"High Weekday, Low Weekend"
Himachal Pradesh,Kinnaur,0.49335418295543393,0.4987452948557089,4467,Low Both
Himachal Pradesh,Kullu,0.5194587808620449,0.5458484267348533,21248,High Both
Himachal Pradesh,Mandi,0.44562022339800117,0.46129400063074644,63334,Low Both
Himachal Pradesh,Shimla,0.4924726277372263,0.5037064910630291,39727,"High Weekday, Low Weekend"
Himachal Pradesh,Sirmaur,0.4727606951871658,0.49355914806261225,31453,Low Both
Himachal Pradesh,Solan,0.472992700729927,0.4895395638904861,33569,Low Both
Himachal Pradesh,Una,0.4577636939791761,0.491708934841982,31549,Low Both
Jammu And Kashmir,Anantnag,0.5184618455192602,0.5886962935644477,47569,High Both
Jammu And Kashmir,Badgam,0.32101245480112495,0.3387536832914984,14141,Low Both
Jammu And Kashmir,Bandipore,0.46958714150646075,0.5470164682398232,20373,"High Weekday, Low Weekend"
Jammu And Kashmir,Baramula,0.4103793466807165,0.48299383075311375,61935,Low Both
Jammu And Kashmir,Budgam,0.7803172224303734,0.8113082627118644,23111,High Both
Jammu And Kashmir,Doda,0.505726872246696,0.539845229274718,36779,High Both
Jammu And Kashmir,Ganderbal,0.467871026755088,0.5601201330043978,13696,"High Weekday, Low Weekend"
Jammu And Kashmir,Jammu,0.4487528882042775,0.4727787088144401,98799,Low Both
Jammu And Kashmir,Kargil,0.6080786026200873,0.643248629795715,2923,High Both
Jammu And Kashmir,Kathua,0.5426340078097267,0.5920699440141115,40163,High Both
Jammu And Kashmir,Kishtwar,0.47286027798098024,0.5428470003549876,20920,"High Weekday, Low Weekend"
Jammu And Kashmir,Kulgam,0.519625137816979,0.5789852464915437,25744,High Both
Jammu And Kashmir,Kupwara,0.4576329331046312,0.5145942873383544,49760,"High Weekday, Low Weekend"
Jammu And Kashmir,Leh,0.6298850574712643,0.6452184179456907,2564,High Both
Jammu And Kashmir,Pulwama,0.5371331828442438,0.6601034540297013,32832,High Both
Jammu And Kashmir,Punch,0.4927262767058251,0.5940359313430842,46375,"High Weekday, Low Weekend"
Jammu And Kashmir,Rajouri,0.48066670117500904,0.5661092346980806,55736,"High Weekday, Low Weekend"
Jammu And Kashmir,Ramban,0.6804088968771063,0.7528486293206198,29877,High Both
Jammu And Kashmir,Reasi,0.4931522884232705,0.5664421310471525,23240,"High Weekday, Low Weekend"
Jammu And Kashmir,Samba,0.5691475663147051,0.6302097521111414,11225,High Both
Jammu And Kashmir,Shupiyan,0.5324797589907738,0.6287923272656097,15529,High Both
Jammu And Kashmir,Srinagar,0.40997668587515945,0.4644090119933747,72844,Low Both
Jammu And Kashmir,Udhampur,0.4826317940335104,0.4973375180731389,45486,Low Both
Jharkhand,Bokaro,0.38794332984691454,0.4382398085277973,108429,Low Both
Jharkhand,Chatra,0.44587163665365404,0.4985069183250131,67692,Low Both
Jharkhand,Deoghar,0.47658054115289095,0.500415964024733,67426,"High Weekday, Low Weekend"
Jharkhand,Dhanbad,0.3202773802084383,0.36129782578699415,151069,Low Both
Jharkhand,Dumka,0.5035090284377512,0.4656936995947108,76212,"Low Weekday, High Weekend"
Jharkhand,East Singhbhum,0.4525140904451249,0.42872363796133567,136106,Low Both
Jharkhand,Garhwa,0.41119581294800317,0.4192560106995117,99458,Low Both
Jharkhand,Garhwa *,0.07984790874524715,0.10366016564253273,5584,Low Both
Jharkhand,Giridih,0.46241035696059735,0.49738312903975185,110410,Low Both
Jharkhand,Godda,0.5390321186806856,0.5560738873631541,80934,High Both
Jharkhand,Gumla,0.3803249890206412,0.38289790930409223,87878,Low Both
Jharkhand,Hazaribag,0.20400654129190515,0.20915279878971255,7734,Low Both
Jharkhand,Hazaribagh,0.5185273065211373,0.5085104240104744,74932,High Both
Jharkhand,Jamtara,0.4244219653179191,0.4617262896786946,39641,Low Both
Jharkhand,Khunti,0.3753249647181163,0.34731452597314527,42955,Low Both
Jharkhand,Kodarma,0.24914089347079038,0.25761421319796957,4898,Low Both
Jharkhand,Koderma,0.4539034313349198,0.4793756967670011,38143,Low Both
Jharkhand,Latehar,0.5293390580275826,0.4988074472250899,43463,"Low Weekday, High Weekend"
Jharkhand,Lohardaga,0.34732852248706175,0.3570671586136515,39196,Low Both
Jharkhand,Pakaur,0.43790849673202614,0.41315453384418904,2484,Low Both
Jharkhand,Pakur,0.5590262172284645,0.5702468981075323,37287,High Both
Jharkhand,Palamau,0.19447287615148415,0.18467109233554616,2634,Low Both
Jharkhand,Palamu,0.4964557026347214,0.5109660432670123,113041,"High Weekday, Low Weekend"
Jharkhand,Pashchimi Singhbhum,0.27454464682363394,0.24758039338120513,14111,Low Both
Jharkhand,Purbi Singhbhum,0.20733072188024623,0.1865632689583178,20559,Low Both
Jharkhand,Ramgarh,0.46036302237230897,0.4680214240705734,37237,Low Both
Jharkhand,Ranchi,0.3368557984164967,0.35234228228592207,177774,Low Both
Jharkhand,Sahebganj,0.5520529801324503,0.5806104129263914,64425,High Both
Jharkhand,Sahibganj,0.28939393939393937,0.3221990257480863,2097,Low Both
Jharkhand,Seraikela-Kharsawan,0.4194526384791872,0.3997785160575858,78588,Low Both
Jharkhand,Simdega,0.3366905716093651,0.3225821199167943,62711,Low Both
Jharkhand,West Singhbhum,0.4648601889086318,0.4345804963014907,131186,Low Both
Karnataka,Bagalkot,0.5440059846642977,0.5027877537252723,77134,High Both
Karnataka,Bagalkot *,0.3087248322147651,0.23552425665101723,1725,Low Both
Karnataka,Ballari,0.6651123681394282,0.6775681687124145,37360,High Both
Karnataka,Bangalore,0.24321504687243842,0.2687857327004443,198979,Low Both
Karnataka,Bangalore Rural,0.4693790877431411,0.5039220166019344,38035,"High Weekday, Low Weekend"
Karnataka,Belagavi,0.6604293588627792,0.6736606708799222,79001,High Both
Karnataka,Belgaum,0.41304347826086957,0.3912794833526286,111069,Low Both
Karnataka,Bellary,0.44380762521804135,0.41563087233127305,68247,Low Both
Karnataka,Bengaluru,0.46145883582569547,0.496879602775711,297075,Low Both
Karnataka,Bidar,0.46816202767843257,0.4883483995257854,79708,Low Both
Karnataka,Bijapur,0.40144355592481046,0.3582226932946558,55110,Low Both
Karnataka,Chamarajanagar,0.2128099173553719,0.25128581925055105,1845,Low Both
Karnataka,Chamrajanagar,0.5230697348440603,0.5605763575769457,28965,High Both
Karnataka,Chamrajnagar,0.2573099415204678,0.27084531339850487,2252,Low Both
Karnataka,Chickmagalur,0.30380710659898474,0.31440985825201223,21919,Low Both
Karnataka,Chikkaballapur,0.5182783832252724,0.499507927829415,41933,"Low Weekday, High Weekend"
Karnataka,Chikkamagaluru,0.5929187305081637,0.6343444730077121,15176,High Both
Karnataka,Chikmagalur,0.1559633027522936,0.14014752370916755,1385,Low Both
Karnataka,Chitradurga,0.47303241847566224,0.49271947014610673,61227,Low Both
Karnataka,Dakshina Kannada,0.4431847242349331,0.5227060396783235,78051,"High Weekday, Low Weekend"
Karnataka,Davanagere,0.18788907753254103,0.10570918822479929,6251,Low Both
Karnataka,Davangere,0.4482758620689655,0.4445751546114547,89432,Low Both
Karnataka,Dharwad,0.47368073660935284,0.4679242002781641,87821,Low Both
Karnataka,Gadag,0.5844761573268361,0.544309559939302,40725,High Both
Karnataka,Gadag *,0.32745098039215687,0.26024096385542167,1340,Low Both
Karnataka,Gulbarga,0.3359245630174793,0.32610883557636045,64465,Low Both
Karnataka,Hasan,0.2322061191626409,0.2198570776949977,9682,Low Both
Karnataka,Hassan,0.5655696833707304,0.5789201756652028,47012,High Both
Karnataka,Haveri,0.567949916663279,0.4627592673054495,68328,"Low Weekday, High Weekend"
Karnataka,Haveri *,0.31990521327014215,0.19899497487437187,1417,Low Both
Karnataka,Kalaburagi,0.6391069469063898,0.646642120448722,70137,High Both
Karnataka,Kodagu,0.43793039270426204,0.4958095876634261,17305,Low Both
Karnataka,Kolar,0.4560093348891482,0.504409911801764,64283,"High Weekday, Low Weekend"
Karnataka,Koppal,0.5433952787543948,0.5246353566237282,59812,High Both
Karnataka,Mandya,0.45909347376340043,0.4857900294309272,65779,Low Both
Karnataka,Mysore,0.3076832637705014,0.3356973364971872,54518,Low Both
Karnataka,Mysuru,0.5584298118668596,0.6059202736482042,54589,High Both
Karnataka,Raichur,0.4940459629402927,0.48205778341229066,110877,Low Both
Karnataka,Ramanagar,0.45121452523104605,0.5066387872451646,40922,"High Weekday, Low Weekend"
Karnataka,Shimoga,0.2652390663947428,0.28308272762581144,26849,Low Both
Karnataka,Shivamogga,0.6223097353237476,0.6541895755443149,33654,High Both
Karnataka,Tumakuru,0.5819013303769401,0.625562154553881,43561,High Both
Karnataka,Tumkur,0.30164346571069417,0.31796127720530476,64761,Low Both
Karnataka,Udupi,0.5550874047512326,0.5937792927141031,34625,High Both
Karnataka,Uttara Kannada,0.5335246360582306,0.5533809061937093,43156,High Both
Karnataka,Vijayanagara,0.34031916939050183,0.2601885129178816,19948,Low Both
Karnataka,Vijayapura,0.6823791744451358,0.6638073828679603,53092,High Both
Karnataka,Yadgir,0.5357109687006594,0.5019358977296158,65183,High Both
Kerala,Alappuzha,0.39492513581555583,0.3948573318709632,87629,Low Both
Kerala,Ernakulam,0.39575335892514396,0.4194998936590405,148755,Low Both
Kerala,Idukki,0.4104254044337927,0.4117722369810838,47933,Low Both
Kerala,Kannur,0.4248333936043808,0.40565160810559586,119399,Low Both
Kerala,Kasaragod,0.5185001035840067,0.49961151592784697,71756,"Low Weekday, High Weekend"
Kerala,Kasargod,0.11075949367088607,0.09362549800796813,2138,Low Both
Kerala,Kollam,0.3977039189284955,0.39065405163689426,127311,Low Both
Kerala,Kottayam,0.39815272340263785,0.38972373136053634,78215,Low Both
Kerala,Kozhikode,0.4167485466306395,0.3944877774982097,152186,Low Both
Kerala,Malappuram,0.45867011531415025,0.4182751690847059,224009,Low Both
Kerala,Palakkad,0.40232993551071355,0.37019273122363283,159847,Low Both
Kerala,Pathanamthitta,0.3308342080271905,0.3413611767395778,59370,Low Both
Kerala,Thiruvananthapuram,0.3758443134874797,0.3736852874974422,148817,Low Both
Kerala,Thrissur,0.427546771333506,0.39138280127149316,145512,Low Both
Kerala,Wayanad,0.3546368892056704,0.3346404689176917,36853,Low Both
Ladakh,Kargil,0.5747863247863247,0.5847457627118644,2942,High Both
Ladakh,Leh,0.4171974522292994,0.3751995742416179,2821,Low Both
Lakshadweep,Lakshadweep,0.47214854111405835,0.4571256038647343,4820,Low Both
Madhya Pradesh,Agar Malwa,0.3453062640985598,0.3376470588235294,16813,Low Both
Madhya Pradesh,Alirajpur,0.4995413370026373,0.5544069275693092,62133,"High Weekday, Low Weekend"
Madhya Pradesh,Anuppur,0.392982944011865,0.4724354080443605,71350,Low Both
Madhya Pradesh,Ashok Nagar,0.5912461133700072,0.6087441671738689,74376,High Both
Madhya Pradesh,Balaghat,0.5400315821725706,0.590516168048095,126762,High Both
Madhya Pradesh,Barwani,0.5339932677827974,0.550314945406071,143427,High Both
Madhya Pradesh,Betul,0.4139109478092529,0.46222433460076046,155822,Low Both
Madhya Pradesh,Bhind,0.6141104294478528,0.6183643187570917,83365,High Both
Madhya Pradesh,Bhopal,0.47587823665238926,0.48426043714583095,186438,Low Both
Madhya Pradesh,Burhanpur,0.45007403850002003,0.4611832200838182,74141,Low Both
Madhya Pradesh,Chhatarpur,0.5484116315268148,0.5736555713515369,158531,High Both
Madhya Pradesh,Chhindwara,0.4060712820636568,0.47110886075949365,140191,Low Both
Madhya Pradesh,Damoh,0.5161581968419503,0.5790248728745312,134483,High Both
Madhya Pradesh,Datia,0.579989509572515,0.5915927254420741,47034,High Both
Madhya Pradesh,Dewas,0.48337588960721467,0.4652593065100437,119901,Low Both
Madhya Pradesh,Dhar,0.5178077669101564,0.5395950127132922,146391,High Both
Madhya Pradesh,Dindori,0.4953005678480517,0.569966868056909,61476,"High Weekday, Low Weekend"
Madhya Pradesh,East Nimar,0.24789501630888267,0.26107431935246506,40363,Low Both
Madhya Pradesh,Guna,0.6211368591400508,0.5998755585723174,132886,High Both
Madhya Pradesh,Gwalior,0.5308445037022927,0.5579717806835137,127120,High Both
Madhya Pradesh,Harda,0.5122888479705388,0.49679563256586756,37769,"Low Weekday, High Weekend"
Madhya Pradesh,Harda *,0.203579418344519,0.21141558994746557,10172,Low Both
Madhya Pradesh,Hoshangabad,0.4716592780240659,0.46311625633820025,97056,Low Both
Madhya Pradesh,Indore,0.4972476536786582,0.48894749649779345,221624,Low Both
Madhya Pradesh,Jabalpur,0.5095569260377029,0.5209761107864492,158664,High Both
Madhya Pradesh,Jhabua,0.5066620322094775,0.5961676189263604,88726,High Both
Madhya Pradesh,Katni,0.4949166210650615,0.5738337700648036,98452,"High Weekday, Low Weekend"
Madhya Pradesh,Khandwa,0.6096961455990796,0.6175902950096499,59018,High Both
Madhya Pradesh,Khargone,0.4819334331957181,0.4812290863977494,169201,Low Both
Madhya Pradesh,Maihar,0.11299435028248588,0.13367609254498714,1521,Low Both
Madhya Pradesh,Mandla,0.5431707432464399,0.5702505473120895,62247,High Both
Madhya Pradesh,Mandsaur,0.5127421621951965,0.5054575283757994,92460,High Both
Madhya Pradesh,Mauganj,0.06691449814126393,0.08207070707070707,1061,Low Both
Madhya Pradesh,Morena,0.6708087224636874,0.6361792828250892,145559,High Both
Madhya Pradesh,Narmadapuram,0.22581967213114754,0.19705215419501135,6850,Low Both
Madhya Pradesh,Narsimhapur,0.25944907110826393,0.25947965679490725,10348,Low Both
Madhya Pradesh,Narsinghpur,0.5847802565819981,0.6098654708520179,63117,High Both
Madhya Pradesh,Neemuch,0.607886821878133,0.6135903935274086,57011,High Both
Madhya Pradesh,Niwari,0.5126835781041389,0.5239327296248383,2295,High Both
Madhya Pradesh,Panna,0.49773304316285816,0.5752443999692095,98039,"High Weekday, Low Weekend"
Madhya Pradesh,Raisen,0.5474030833707528,0.5923861465828959,116648,High Both
Madhya Pradesh,Rajgarh,0.4919777846343721,0.508602220954056,165229,"High Weekday, Low Weekend"
Madhya Pradesh,Ratlam,0.6077740176724948,0.6250121759835489,134947,High Both
Madhya Pradesh,Rewa,0.5971058991624739,0.6232484322985213,194959,High Both
Madhya Pradesh,Sagar,0.580553697618286,0.5882727852135118,192725,High Both
Madhya Pradesh,Satna,0.5232335632017908,0.5768204638634833,172713,High Both
Madhya Pradesh,Sehore,0.45259809646877563,0.4727948457452965,118002,Low Both
Madhya Pradesh,Seoni,0.5285738861173233,0.5378481838869582,85752,High Both
Madhya Pradesh,Shahdol,0.4589015532140909,0.49260976548768853,94572,Low Both
Madhya Pradesh,Shajapur,0.5063922735935927,0.4907560292204543,126641,"Low Weekday, High Weekend"
Madhya Pradesh,Sheopur,0.5797412764332427,0.5859452419377672,56268,High Both
Madhya Pradesh,Shivpuri,0.5749525929590238,0.5269194822849699,166572,High Both
Madhya Pradesh,Sidhi,0.6386959665227965,0.636652374146419,121207,High Both
Madhya Pradesh,Singrauli,0.680603889457523,0.7142754145638068,108430,High Both
Madhya Pradesh,Tikamgarh,0.51660708966339,0.5771533338322233,160616,High Both
Madhya Pradesh,Ujjain,0.5654983314557782,0.5861676902744305,149951,High Both
Madhya Pradesh,Umaria,0.47375993941688754,0.5236797666564323,39261,"High Weekday, Low Weekend"
Madhya Pradesh,Vidisha,0.5523343964029905,0.5373978484694584,124890,High Both
Madhya Pradesh,West Nimar,0.26135615536537193,0.2587020648967552,9818,Low Both
Maharashtra,Ahmadnagar,0.409940656709113,0.47097639097382216,363561,Low Both
Maharashtra,Ahmed Nagar,0.24921923797626483,0.28386031146767343,5839,Low Both
Maharashtra,Akola,0.26177673310364813,0.30678777923250194,185085,Low Both
Maharashtra,Amravati,0.2796674094176197,0.3198666941770653,338283,Low Both
Maharashtra,Aurangabad,0.34636556801897517,0.35813652539631186,311373,Low Both
Maharashtra,Beed,0.42281502093673495,0.4561871355382692,255495,Low Both
Maharashtra,Bhandara,0.28038678193812694,0.32674946019968987,102204,Low Both
Maharashtra,Bid,0.041719745222929934,0.06027843601895735,9892,Low Both
Maharashtra,Buldana,0.0714909217877095,0.09678349326633993,35737,Low Both
Maharashtra,Buldhana,0.35183208822483103,0.3998829232357913,219501,Low Both
Maharashtra,Chandrapur,0.28213964638897215,0.3207459706176009,213634,Low Both
Maharashtra,Chatrapati Sambhaji Nagar,0.17385786802030456,0.19491525423728814,2204,Low Both
Maharashtra,Chhatrapati Sambhajinagar,0.17058823529411765,0.1741084806712616,4867,Low Both
Maharashtra,Dhule,0.3313065660271866,0.3789076944958043,197854,Low Both
Maharashtra,Gadchiroli,0.2581920783190475,0.282386399948872,140665,Low Both
Maharashtra,Gondiya,0.34757843435881813,0.3774417436090698,96514,Low Both
Maharashtra,Gondiya *,0.043227665706051875,0.049010367577756835,1408,Low Both
Maharashtra,Hingoli,0.3617973557904655,0.4019590147166769,117064,Low Both
Maharashtra,Jalgaon,0.3129660921482483,0.3770903039450584,417384,Low Both
Maharashtra,Jalna,0.3466848177042428,0.3837364747590384,192692,Low Both
Maharashtra,Kolhapur,0.396583890517631,0.45558399670972527,271084,Low Both
Maharashtra,Latur,0.2981860794414199,0.3030415182715585,246741,Low Both
Maharashtra,Mumbai,0.27224403982704587,0.30648835487974013,404359,Low Both
Maharashtra,Mumbai City,0.567975233829535,0.6098984223038686,47571,High Both
Maharashtra,Mumbai Suburban,0.5347606358540844,0.5867167605927781,174190,High Both
Maharashtra,Mumbai( Sub Urban ),0.10642040457343888,0.08786279683377309,4927,Low Both
Maharashtra,Nagpur,0.31054163130272117,0.326998135540672,350923,Low Both
Maharashtra,Nanded,0.34741523068371316,0.3725967880951962,342540,Low Both
Maharashtra,Nandurbar,0.3295191458885058,0.339007071892805,199747,Low Both
Maharashtra,Nandurbar *,0.002369668246445498,0.012264922322158627,1645,Low Both
Maharashtra,Nashik,0.3481187748524664,0.37945909524979543,576606,Low Both
Maharashtra,Osmanabad,0.3842028956723799,0.4139574419315403,155055,Low Both
Maharashtra,Palghar,0.5538294871532817,0.5879261480890405,157952,High Both
Maharashtra,Parbhani,0.43366642441860465,0.4188128944226505,184026,Low Both
Maharashtra,Pune,0.4293233712144995,0.48578760267992804,605762,Low Both
Maharashtra,Raigad,0.2724288840262582,0.30756213643574826,14025,Low Both
Maharashtra,Raigarh,0.4520326843538787,0.4859754617266429,156663,Low Both
Maharashtra,Ratnagiri,0.38404182768811096,0.4196262565783254,139189,Low Both
Maharashtra,Sangli,0.3856344704986032,0.4397936043645446,223013,Low Both
Maharashtra,Satara,0.4391639750384145,0.5195451022353917,209569,"High Weekday, Low Weekend"
Maharashtra,Sindhudurg,0.42908832077821935,0.44577701630814137,48377,Low Both
Maharashtra,Solapur,0.4311356032277111,0.4758144507851447,334507,Low Both
Maharashtra,Thane,0.33620689655172414,0.3638800379193422,571273,Low Both
Maharashtra,Wardha,0.3150791774994091,0.33459696490748553,126459,Low Both
Maharashtra,Washim,0.29963958060288337,0.33483502273390897,138620,Low Both
Maharashtra,Yavatmal,0.2651456320223338,0.29108303985664735,327187,Low Both
Manipur,Bishnupur,0.622107137077197,0.6561956071280564,30309,High Both
Manipur,Chandel,0.45151158225363175,0.5816492829204694,8683,"High Weekday, Low Weekend"
Manipur,Churachandpur,0.5526629570747218,0.6298984034833092,18812,High Both
Manipur,Imphal East,0.5427903631787127,0.6417445482866043,59274,High Both
Manipur,Imphal West,0.5661056685924809,0.592448549667801,61311,High Both
Manipur,Jiribam,0.13555992141453832,0.26286890871654084,1966,Low Both
Manipur,Kakching,0.6685552407932012,0.6652892561983471,2047,High Both
Manipur,Senapati,0.48403873744619796,0.5828437132784959,22596,"High Weekday, Low Weekend"
Manipur,Tamenglong,0.48348190875721025,0.5288380696149318,7854,"High Weekday, Low Weekend"
Manipur,Thoubal,0.5925183700734803,0.5831574647695554,56043,High Both
Manipur,Ukhrul,0.37525150905432597,0.5014412188593782,13690,"High Weekday, Low Weekend"
Meghalaya,East Garo Hills,0.26487747957992996,0.4006427423674344,2724,Low Both
Meghalaya,East Jaintia Hills,0.6883116883116883,0.749162278602202,2782,High Both
Meghalaya,East Khasi Hills,0.3572461149259125,0.4528118939883646,21004,Low Both
Meghalaya,North Garo Hills,0.5494880546075085,0.6894736842105263,1243,High Both
Meghalaya,Ri Bhoi,0.5831180017226529,0.6452572108236694,4524,High Both
Meghalaya,South Garo Hills,0.38127090301003347,0.4766734279918864,1285,Low Both
Meghalaya,South West Garo Hills,0.3216735253772291,0.583164593578247,4915,"High Weekday, Low Weekend"
Meghalaya,South West Khasi Hills,0.37124463519313305,0.6192,3432,"High Weekday, Low Weekend"
Meghalaya,West Garo Hills,0.2066033016508254,0.26992922331905383,33470,Low Both
Meghalaya,West Jaintia Hills,0.650917176209005,0.7151667428049338,6177,High Both
Meghalaya,West Khasi Hills,0.49333333333333335,0.5703905540417802,6054,"High Weekday, Low Weekend"
Mizoram,Aizawl,0.7358095996813384,0.6738475530040356,37677,High Both
Mizoram,Champhai,0.7701440035176432,0.676175229224276,15968,High Both
Mizoram,Kolasib,0.7612410817985731,0.702283849918434,10931,High Both
Mizoram,Lawngtlai,0.7170191339375629,0.6314239828693791,13430,High Both
Mizoram,Lunglei,0.7276861853325753,0.6214709802496062,15289,High Both
Mizoram,Mamit,0.8455577581546224,0.8004258614014712,10715,High Both
Mizoram,Mammit,0.6526867627785059,0.546205860255447,2857,High Both
Mizoram,Saiha,0.8277608915906788,0.724865831842576,5756,High Both
Mizoram,Serchhip,0.7131004366812227,0.5386904761904762,7604,High Both
Nagaland,Dimapur,0.3443589126774116,0.3825181855816429,25223,Low Both
Nagaland,Kiphire,0.3545176110260337,0.3705059920106525,4310,Low Both
Nagaland,Kohima,0.20349619004930525,0.24423137709408912,13953,Low Both
Nagaland,Longleng,0.22686832740213522,0.26838709677419353,2674,Low Both
Nagaland,Mokokchung,0.26252158894645944,0.24273559158773478,8545,Low Both
Nagaland,Mon,0.38049674267100975,0.3720981165133596,14044,Low Both
Nagaland,Peren,0.4359464627151052,0.37645107794361526,4584,Low Both
Nagaland,Phek,0.16742239274502965,0.19351553216771347,8758,Low Both
Nagaland,Tuensang,0.2837750484809308,0.26791654067130327,9708,Low Both
Nagaland,Wokha,0.234209493919184,0.3142987665600731,6927,Low Both
Nagaland,Zunheboto,0.1532316630355846,0.2025340756383183,7963,Low Both
Odisha,Angul,0.4908878504672897,0.5111006915953581,64055,"High Weekday, Low Weekend"
Odisha,Anugul,0.2467741935483871,0.22962962962962963,2105,Low Both
Odisha,Balangir,0.4285299329015017,0.5110403938816254,101046,"High Weekday, Low Weekend"
Odisha,Baleshwar,0.24947534102833158,0.2707413432488961,24836,Low Both
Odisha,Baleswar,0.5317423674034744,0.5974150242787775,104674,High Both
Odisha,Bargarh,0.48067777503786946,0.5332272557094722,81807,"High Weekday, Low Weekend"
Odisha,Baudh,0.1320754716981132,0.22771317829457363,4845,Low Both
Odisha,Bhadrak,0.4674890596464629,0.575219563349306,97680,"High Weekday, Low Weekend"
Odisha,Boudh,0.4577854246036623,0.5392084106369821,24307,"High Weekday, Low Weekend"
Odisha,Cuttack,0.41404984703976966,0.4981058253633089,141068,Low Both
Odisha,Debagarh,0.4966875559534467,0.528170994656417,16252,"High Weekday, Low Weekend"
Odisha,Dhenkanal,0.4422360720528996,0.510685134319054,77647,"High Weekday, Low Weekend"
Odisha,Gajapati,0.48618063112078347,0.5249354758138374,59008,"High Weekday, Low Weekend"
Odisha,Ganjam,0.4709423477656865,0.5299370552157128,188862,"High Weekday, Low Weekend"
Odisha,Jagatsinghapur,0.48572145860792065,0.5729157042101697,48402,"High Weekday, Low Weekend"
Odisha,Jagatsinghpur,0.20035885167464115,0.2503143216367585,12093,Low Both
Odisha,Jajapur,0.42685768105884103,0.49231347020530797,60113,Low Both
Odisha,Jajpur,0.49677747625508817,0.6025976082996753,37046,"High Weekday, Low Weekend"
Odisha,Jharsuguda,0.49181623208037023,0.5342707536624111,25856,"High Weekday, Low Weekend"
Odisha,Kalahandi,0.42063468459090503,0.4684099769987439,94924,Low Both
Odisha,Kandhamal,0.44960915689558906,0.49759409056623405,59939,Low Both
Odisha,Kendrapara,0.4583524027459954,0.528198443430587,78386,"High Weekday, Low Weekend"
Odisha,Kendujhar,0.4386084028136118,0.4780927047025011,102233,Low Both
Odisha,Khorda,0.46798159976172354,0.5353716558770767,94322,"High Weekday, Low Weekend"
Odisha,Khordha,0.15108259823576584,0.15852095917993778,22624,Low Both
Odisha,Koraput,0.44238672938846246,0.45545425093719627,105211,Low Both
Odisha,Malkangiri,0.5905321176531191,0.5512611456128786,48236,High Both
Odisha,Mayurbhanj,0.47225841974855465,0.5038731707317073,156985,"High Weekday, Low Weekend"
Odisha,Nabarangapur,0.5005298821413662,0.499032751863004,90586,"Low Weekday, High Weekend"
Odisha,Nayagarh,0.43063162655142956,0.5202819776411668,62032,"High Weekday, Low Weekend"
Odisha,Nuapada,0.4211685451483353,0.5268602252895447,46953,"High Weekday, Low Weekend"
Odisha,Puri,0.43846478279207085,0.5231484193466502,74923,"High Weekday, Low Weekend"
Odisha,Rayagada,0.4808291559409294,0.49884683929133034,60299,Low Both
Odisha,Sambalpur,0.5155481940585596,0.5070225554960424,52322,High Both
Odisha,Sonapur,0.544438170525127,0.5996565540927304,26325,High Both
Odisha,Subarnapur,0.26924731182795697,0.30813397129186604,6505,Low Both
Odisha,Sundargarh,0.20775670596275414,0.20379330365782852,16187,Low Both
Odisha,Sundergarh,0.4825168619098332,0.516987561201535,94260,"High Weekday, Low Weekend"
Puducherry,Karaikal,0.3584985238296078,0.35179068150208626,16246,Low Both
Puducherry,Pondicherry,0.20562741698893186,0.20345067160722557,24771,Low Both
Puducherry,Puducherry,0.5565575595635716,0.568727124847499,28654,High Both
Punjab,Amritsar,0.3521376911105008,0.3742292789337902,155008,Low Both
Punjab,Barnala,0.4177893199155981,0.47211095318085883,35539,Low Both
Punjab,Bathinda,0.42479218317048273,0.4495236570330638,96740,Low Both
Punjab,Faridkot,0.3430723739791608,0.4026499523960647,39412,Low Both
Punjab,Fatehgarh Sahib,0.4376269809020723,0.4755319996811987,37399,Low Both
Punjab,Fazilka,0.47178065578030925,0.49073300616059307,61395,Low Both
Punjab,Ferozepur,0.3975350531410608,0.47145002692057014,55330,Low Both
Punjab,Firozpur,0.13933880630130907,0.1917395669009035,11480,Low Both
Punjab,Gurdaspur,0.3299733739064283,0.3402314340879346,119235,Low Both
Punjab,Hoshiarpur,0.348431105047749,0.3740945817092959,92764,Low Both
Punjab,Jalandhar,0.34736078360239436,0.3620939849213883,141270,Low Both
Punjab,Kapurthala,0.31311579616484797,0.3501774308019872,54103,Low Both
Punjab,Ludhiana,0.40732046332046334,0.4368228758014535,190927,Low Both
Punjab,Malerkotla,0.3778167250876314,0.4291841110997651,13787,Low Both
Punjab,Mansa,0.34289304788833536,0.4009739376462267,59039,Low Both
Punjab,Moga,0.37334267040149394,0.37789299669371806,61344,Low Both
Punjab,Muktsar,0.09042553191489362,0.11088400613183444,8879,Low Both
Punjab,Nawanshahr,0.044956140350877194,0.04211168751907232,4189,Low Both
Punjab,Pathankot,0.45760598503740646,0.5035445032069314,26596,"High Weekday, Low Weekend"
Punjab,Patiala,0.43516504996701444,0.4741018575219432,119311,Low Both
Punjab,Rupnagar,0.36350612138577754,0.3937269495298535,45453,Low Both
Punjab,S.A.S Nagar(Mohali),0.10918774966711052,0.13558467741935484,2735,Low Both
Punjab,Sangrur,0.4245200058625238,0.46284751168944144,82470,Low Both
Punjab,Sas Nagar (Mohali),0.4911793531525645,0.5505763141228626,57841,"High Weekday, Low Weekend"
Punjab,Shaheed Bhagat Singh Nagar,0.43215822914531665,0.4585864429659628,30500,Low Both
Punjab,Sri Muktsar Sahib,0.4407949213359095,0.4631288966217196,56223,Low Both
Punjab,Tarn Taran,0.318327330932373,0.3377371140119099,80702,Low Both
Rajasthan,Ajmer,0.5158613145629221,0.5668697272709056,141858,High Both
Rajasthan,Alwar,0.497589095292554,0.5843596253063127,223449,"High Weekday, Low Weekend"
Rajasthan,Banswara,0.5134121513019252,0.5840916699637825,93711,High Both
Rajasthan,Baran,0.4832859481347463,0.5228603485151292,80256,"High Weekday, Low Weekend"
Rajasthan,Barmer,0.5555939681285395,0.596643165393579,196765,High Both
Rajasthan,Bharatpur,0.49421900918521455,0.57608868246596,141155,"High Weekday, Low Weekend"
Rajasthan,Bhilwara,0.48767519144632276,0.550026927669937,120019,"High Weekday, Low Weekend"
Rajasthan,Bikaner,0.43180457131450245,0.49466380307285646,130871,Low Both
Rajasthan,Bundi,0.4888559479061888,0.5394832605531296,62857,"High Weekday, Low Weekend"
Rajasthan,Chittaurgarh,0.19376026272577998,0.2768569674647023,2238,Low Both
Rajasthan,Chittorgarh,0.5203624622435163,0.5873582818692967,62598,High Both
Rajasthan,Churu,0.4802044325113639,0.518448741254889,133224,"High Weekday, Low Weekend"
Rajasthan,Dausa,0.4789871527669767,0.5475648059528463,106330,"High Weekday, Low Weekend"
Rajasthan,Dholpur,0.5807552320291174,0.6664187501191906,74417,High Both
Rajasthan,Dungarpur,0.519218935882184,0.623904408098937,86558,High Both
Rajasthan,Ganganagar,0.3992629396860913,0.4706045441313057,102528,Low Both
Rajasthan,Hanumangarh,0.39378273586830825,0.47109220448900063,96633,Low Both
Rajasthan,Jaipur,0.41374475322043713,0.4587755767506318,355884,Low Both
Rajasthan,Jaisalmer,0.5325225851285615,0.5758328701736032,44977,High Both
Rajasthan,Jalor,0.46769179894179896,0.5387081931383545,99786,"High Weekday, Low Weekend"
Rajasthan,Jhalawar,0.48530094057109113,0.548800595712994,80112,"High Weekday, Low Weekend"
Rajasthan,Jhunjhunu,0.22789783889980353,0.29678770949720673,1941,Low Both
Rajasthan,Jhunjhunun,0.3896931259065442,0.456992463213303,110392,Low Both
Rajasthan,Jodhpur,0.49736058570545,0.5369272958330547,219033,"High Weekday, Low Weekend"
Rajasthan,Karauli,0.5705348133198789,0.6343689942344651,80971,High Both
Rajasthan,Kota,0.4738951695786228,0.5194189888410947,93354,"High Weekday, Low Weekend"
Rajasthan,Nagaur,0.46519206879305613,0.5291697178923876,205368,"High Weekday, Low Weekend"
Rajasthan,Pali,0.4029631208697506,0.4733853211009174,155910,Low Both
Rajasthan,Pratapgarh,0.5381056732408084,0.6032765498381796,56287,High Both
Rajasthan,Rajsamand,0.5128522929352805,0.5587605114618132,61962,High Both
Rajasthan,Sawai Madhopur,0.47937029322224,0.5479117219880265,81422,"High Weekday, Low Weekend"
Rajasthan,Sikar,0.4213521904104864,0.47528579652931985,161613,Low Both
Rajasthan,Sirohi,0.4610669233497138,0.5287734819781397,70150,"High Weekday, Low Weekend"
Rajasthan,Tonk,0.4585357750923965,0.5496758712080513,79923,"High Weekday, Low Weekend"
Rajasthan,Udaipur,0.4662653442367319,0.558426344211126,179778,"High Weekday, Low Weekend"
Sikkim,East,0.4187465335551858,0.4497311827956989,5523,Low Both
Sikkim,East Sikkim,0.6137985725614592,0.6481612446958982,4089,High Both
Sikkim,South,0.30813397129186604,0.34713216957605986,3050,Low Both
Sikkim,South Sikkim,0.5985815602836879,0.650593471810089,2053,High Both
Sikkim,West,0.46343229543808834,0.403994552882433,3584,Low Both
Sikkim,West Sikkim,0.7125603864734299,0.6720351390922401,3291,High Both
Tamil Nadu,Ariyalur,0.39725161901753275,0.40964249858134355,77473,Low Both
Tamil Nadu,Chengalpattu,0.6221264367816092,0.6408653846153847,6248,High Both
Tamil Nadu,Chennai,0.4698292360690958,0.4908544405785282,233030,Low Both
Tamil Nadu,Coimbatore,0.35431271948719956,0.3368571089202993,219722,Low Both
Tamil Nadu,Cuddalore,0.5567693840393005,0.5268412096062318,168105,High Both
Tamil Nadu,Dharmapuri,0.6660646776951046,0.6243585087400717,104858,High Both
Tamil Nadu,Dindigul,0.37234363117188735,0.33564655764738216,186123,Low Both
Tamil Nadu,Erode,0.46329062057662224,0.4191550376853619,147495,Low Both
Tamil Nadu,Kallakurichi,0.5599795814190913,0.5082196572228052,4818,High Both
Tamil Nadu,Kancheepuram,0.5157346283845619,0.5145624679204559,233919,High Both
Tamil Nadu,Kanniyakumari,0.3785403497249815,0.4058797426225871,69432,Low Both
Tamil Nadu,Kanyakumari,0.7006157262541637,0.7451741343682274,29748,High Both
Tamil Nadu,Karur,0.5284042249500428,0.45606023539645,57807,"Low Weekday, High Weekend"
Tamil Nadu,Krishnagiri,0.6400182004322603,0.5886034769935456,120803,High Both
Tamil Nadu,Madurai,0.47193904500316924,0.46688636199029476,213798,Low Both
Tamil Nadu,Mayiladuthurai,0.8267590618336887,0.7772297575010275,4309,High Both
Tamil Nadu,Nagapattinam,0.47667654091866235,0.416802765011964,80677,Low Both
Tamil Nadu,Namakkal,0.4120645116246596,0.3757145420522417,120991,Low Both
Tamil Nadu,Perambalur,0.5023729438326499,0.40301126393841624,57037,"Low Weekday, High Weekend"
Tamil Nadu,Pudukkottai,0.42270616072211026,0.38921830337105195,130306,Low Both
Tamil Nadu,Ramanathapuram,0.47431237454565184,0.44034113259798907,100419,Low Both
Tamil Nadu,Salem,0.5304223889336972,0.46726612715222965,240644,"Low Weekday, High Weekend"
Tamil Nadu,Sivaganga,0.46228422794986995,0.45513217510349097,95190,Low Both
Tamil Nadu,Tenkasi,0.7184276554223585,0.753174123337364,10203,High Both
Tamil Nadu,Thanjavur,0.42499198461045207,0.41790515640889286,169567,Low Both
Tamil Nadu,The Nilgiris,0.5155771992258226,0.5105920888667355,44104,High Both
Tamil Nadu,Theni,0.4598780196125329,0.44175395127078876,86722,Low Both
Tamil Nadu,Thiruvallur,0.3892554194156456,0.28649237472766886,2897,Low Both
Tamil Nadu,Thiruvarur,0.5464690883559365,0.4682102409375137,72799,"Low Weekday, High Weekend"
Tamil Nadu,Thoothukkudi,0.5110655055743525,0.5023200503649125,139861,High Both
Tamil Nadu,Tiruchirappalli,0.3962076698174799,0.3520128013516148,193570,Low Both
Tamil Nadu,Tirunelveli,0.4566476926204513,0.45057287111685984,214773,Low Both
Tamil Nadu,Tirupattur,0.7494054054054055,0.7345711995725354,12111,High Both
Tamil Nadu,Tiruppur,0.49306833757587626,0.4710855458434832,148772,Low Both
Tamil Nadu,Tiruvallur,0.5446176304388773,0.5205922184639743,237793,High Both
Tamil Nadu,Tiruvannamalai,0.6395700007190623,0.5489880806739138,141455,High Both
Tamil Nadu,Vellore,0.538327729864055,0.504842251991604,191803,High Both
Tamil Nadu,Villupuram,0.7401891897560668,0.6877582083061535,121261,High Both
Tamil Nadu,Viluppuram,0.31983793241044844,0.22670977745003498,85466,Low Both
Tamil Nadu,Virudhunagar,0.5171241021738097,0.47978497880072685,121294,"Low Weekday, High Weekend"
Telangana,Adilabad,0.5733615376198986,0.5523986077481841,80283,High Both
Telangana,Bhadradri Kothagudem,0.534487776484284,0.5572601995791189,21603,High Both
Telangana,Hanumakonda,0.21407837445573294,0.19821114837885323,9017,Low Both
Telangana,Hyderabad,0.5703169683829691,0.5904016692749087,228541,High Both
Telangana,Jagitial,0.5863860032804812,0.6334132919429942,10745,High Both
Telangana,Jangoan,0.5304509530450953,0.5479719188767551,7279,High Both
Telangana,Jayashankar Bhupalpally,0.42755956213779783,0.46865671641791046,4568,Low Both
Telangana,Jogulamba Gadwal,0.532512315270936,0.5287482806052269,11330,High Both
Telangana,K.V. Rangareddy,0.49504623513870544,0.49380635786980226,248581,Low Both
Telangana,Kamareddy,0.5089549301318638,0.529232283464567,15241,High Both
Telangana,Karimnagar,0.5082782163430766,0.5027301530233916,135876,High Both
Telangana,Khammam,0.7038104543234001,0.7204796163069545,62170,High Both
Telangana,Komaram Bheem,0.49067599067599066,0.5197758206565252,9677,"High Weekday, Low Weekend"
Telangana,Mahabubabad,0.5540380047505938,0.5954198473282443,10180,High Both
Telangana,Mahabubnagar,0.5576058326178384,0.5247759870816578,195049,High Both
Telangana,Mancherial,0.5406523855890945,0.6067943621250452,12409,High Both
Telangana,Medak,0.527672795566788,0.5231574033063193,126666,High Both
Telangana,Medchal-Malkajgiri,0.43590664272890484,0.47098472880463405,30130,Low Both
Telangana,MedchalMalkajgiri,0.775165319617928,0.741389913899139,4613,High Both
Telangana,Mulugu,0.4405436013590034,0.43496271748135873,5387,Low Both
Telangana,Nagarkurnool,0.5880841121495327,0.5741375091754343,12454,High Both
Telangana,Nalgonda,0.590347923681257,0.575432545201669,137989,High Both
Telangana,Narayanpet,0.45379777455249154,0.4718009478672986,6287,Low Both
Telangana,Nirmal,0.48192209003965475,0.461878942126812,13324,Low Both
Telangana,Nizamabad,0.5450794047767913,0.535143956172048,117196,High Both
Telangana,Peddapalli,0.35568383658969804,0.37580838323353294,6427,Low Both
Telangana,Rajanna Sircilla,0.5123753232360547,0.5541093343250278,8085,High Both
Telangana,Rangareddy,0.2940057088487155,0.3279538904899135,2786,Low Both
Telangana,Sangareddy,0.6193453964874933,0.6425187118038865,22079,High Both
Telangana,Siddipet,0.6049665711556829,0.6263896482595225,16209,High Both
Telangana,Suryapet,0.4388660749768181,0.45455994897959184,20093,Low Both
Telangana,Vikarabad,0.5624733475479744,0.5611035350886394,14223,High Both
Telangana,Wanaparthy,0.4569298729983435,0.4782745591939547,9974,Low Both
Telangana,Warangal,0.6020252682369374,0.587941704931124,91610,High Both
Telangana,Warangal Rural,0.5324032403240324,0.5160703456640389,7169,High Both
Telangana,Warangal Urban,0.5221082419526,0.5502084781097984,8583,High Both
Telangana,Yadadri.,0.5166240409207161,0.5523707153947212,12674,High Both
Tripura,Dhalai,0.6118453954418804,0.5902913547279577,34968,High Both
Tripura,Gomati,0.7999247129681912,0.7995526680157631,14702,High Both
Tripura,Khowai,0.7708987161198289,0.7643525878819997,9166,High Both
Tripura,North Tripura,0.49940384942939875,0.48121131002175005,47498,Low Both
Tripura,Sepahijala,0.7255714644561668,0.6841292977793021,19625,High Both
Tripura,South Tripura,0.3955453149001536,0.3988481734515273,57556,Low Both
Tripura,Unakoti,0.7537957211870255,0.7376471772164637,15733,High Both
Tripura,West Tripura,0.39809007176357575,0.38694474730067174,92260,Low Both
Uttar Pradesh,Agra,0.6214534704143317,0.6587852195930779,235048,High Both
Uttar Pradesh,Aligarh,0.7156202729433667,0.7256227528150365,199500,High Both
Uttar Pradesh,Allahabad,0.6742098592837451,0.6921254791005248,258910,High Both
Uttar Pradesh,Ambedkar Nagar,0.5834911018553578,0.6234172011182372,87220,High Both
Uttar Pradesh,Amethi,0.5968599288907663,0.6318913418845584,93271,High Both
Uttar Pradesh,Amroha,0.6803104634985722,0.7087120168915817,92672,High Both
Uttar Pradesh,Auraiya,0.6921230307576894,0.6900152827305145,63181,High Both
Uttar Pradesh,Ayodhya,0.4917550058892815,0.48867029685578783,7391,Low Both
Uttar Pradesh,Azamgarh,0.5190607191982708,0.5624204133607601,173398,High Both
Uttar Pradesh,Baghpat,0.6611489776046738,0.6447969674940285,58029,High Both
Uttar Pradesh,Bahraich,0.7075086021871699,0.732308044323865,181078,High Both
Uttar Pradesh,Ballia,0.5633544680007926,0.5938744885511017,133005,High Both
Uttar Pradesh,Balrampur,0.6598444658789486,0.6488917256585819,102112,High Both
Uttar Pradesh,Banda,0.6129913391072618,0.640201053288726,92491,High Both
Uttar Pradesh,Bara Banki,0.690011750881316,0.6935506472123452,165242,High Both
Uttar Pradesh,Barabanki,0.17998163452708907,0.18915470494417863,4224,Low Both
Uttar Pradesh,Bareilly,0.7147515163237955,0.705933053826595,234808,High Both
Uttar Pradesh,Basti,0.5953640077266538,0.6502151451907964,109201,High Both
Uttar Pradesh,Bhadohi,0.508274231678487,0.5753672316384181,6540,High Both
Uttar Pradesh,Bijnor,0.6888258543274272,0.6434860018785661,217048,High Both
Uttar Pradesh,Budaun,0.6945611904984278,0.7028146859853959,110318,High Both
Uttar Pradesh,Bulandshahr,0.7385003261693612,0.7420012408047505,180832,High Both
Uttar Pradesh,Chandauli,0.6787265864254682,0.6815984118343953,90544,High Both
Uttar Pradesh,Chitrakoot,0.6722355218254978,0.679760551288893,62732,High Both
Uttar Pradesh,Deoria,0.5326197630814314,0.5835214446952596,138613,High Both
Uttar Pradesh,Etah,0.6907954639516596,0.7406704917255441,87429,High Both
Uttar Pradesh,Etawah,0.6373984446278838,0.6561574949177931,79095,High Both
Uttar Pradesh,Faizabad,0.6635986081490628,0.6966079572951649,94916,High Both
Uttar Pradesh,Farrukhabad,0.6990666237528163,0.722455678395585,77196,High Both
Uttar Pradesh,Fatehpur,0.5711853344306025,0.6194375566979136,117914,High Both
Uttar Pradesh,Firozabad,0.7002651702022694,0.7240671297719309,113767,High Both
Uttar Pradesh,Gautam Buddha Nagar,0.5613430908308222,0.5428933153274814,89439,High Both
Uttar Pradesh,Ghaziabad,0.5406232109266378,0.537364291335274,192022,High Both
Uttar Pradesh,Ghazipur,0.6066794917680745,0.6353032043411099,145692,High Both
Uttar Pradesh,Gonda,0.6641449612714211,0.6508739155524692,152075,High Both
Uttar Pradesh,Gorakhpur,0.4352148059787815,0.46652826962999144,178164,Low Both
Uttar Pradesh,Hamirpur,0.6428078972109057,0.6861251678198905,54687,High Both
Uttar Pradesh,Hapur,0.7077706323687031,0.686231788948681,56755,High Both
Uttar Pradesh,Hardoi,0.7258072269850172,0.7378339360300508,205097,High Both
Uttar Pradesh,Hathras,0.7442786069651741,0.7512262388940285,80404,High Both
Uttar Pradesh,Jalaun,0.6296792563436898,0.6241338582677165,74682,High Both
Uttar Pradesh,Jaunpur,0.5718574598616368,0.6062509173213444,183080,High Both
Uttar Pradesh,Jhansi,0.6033867303891199,0.6114354483535618,112005,High Both
Uttar Pradesh,Kannauj,0.6909742976688583,0.6950745431227958,71653,High Both
Uttar Pradesh,Kanpur Dehat,0.6923969820081254,0.7176620887895241,75626,High Both
Uttar Pradesh,Kanpur Nagar,0.5025648461998586,0.5155422154289652,181438,High Both
Uttar Pradesh,Kasganj,0.6724823424856168,0.6899134362062477,74519,High Both
Uttar Pradesh,Kaushambi,0.7396010973530066,0.768765664604013,97595,High Both
Uttar Pradesh,Kheri,0.7224047809578942,0.740188837280134,190063,High Both
Uttar Pradesh,Kushinagar,0.5072974088734549,0.5666732303768507,147826,High Both
Uttar Pradesh,Lalitpur,0.573837998860998,0.6083350729698442,75520,High Both
Uttar Pradesh,Lucknow,0.5599725839616175,0.5739838696797892,217390,High Both
Uttar Pradesh,Maharajganj,0.5460049231588051,0.5810731253166117,103101,High Both
Uttar Pradesh,Mahoba,0.6551724137931034,0.6808397138195055,46339,High Both
Uttar Pradesh,Mainpuri,0.6092351806990656,0.6573444851019341,73791,High Both
Uttar Pradesh,Mathura,0.6642980189491817,0.6723758585060475,119417,High Both
Uttar Pradesh,Mau,0.5531054371527045,0.524744644690124,87861,High Both
Uttar Pradesh,Meerut,0.6505794436666048,0.6179013910869015,173652,High Both
Uttar Pradesh,Mirzapur,0.658940702714334,0.6939374314375967,108192,High Both
Uttar Pradesh,Moradabad,0.6323667539319331,0.6349074115995834,160474,High Both
Uttar Pradesh,Muzaffarnagar,0.6651886904998608,0.6715039688182206,169851,High Both
Uttar Pradesh,Pilibhit,0.6794108276352229,0.7048414481107701,135630,High Both
Uttar Pradesh,Pratapgarh,0.5454748603351955,0.6204504553634728,131960,High Both
Uttar Pradesh,Prayagraj,0.5009053497942387,0.5409245122985581,20223,High Both
Uttar Pradesh,Rae Bareli,0.6354605659241421,0.6525868082903886,128738,High Both
Uttar Pradesh,Rampur,0.6746045760702303,0.66366162178638,124942,High Both
Uttar Pradesh,Saharanpur,0.6018171400507489,0.6015536407186552,190716,High Both
Uttar Pradesh,Sambhal,0.7537216070651992,0.7595501946796634,103347,High Both
Uttar Pradesh,Sant Kabir Nagar,0.5469375192366882,0.6121490983454173,90540,High Both
Uttar Pradesh,Sant Ravidas Nagar,0.6339678615574784,0.6662556428690855,68073,High Both
Uttar Pradesh,Shahjahanpur,0.7528613308702462,0.7381407255984563,154488,High Both
Uttar Pradesh,Shamli,0.6365417978538842,0.627833018553494,103134,High Both
Uttar Pradesh,Shrawasti,0.6173650759452763,0.6436917732512237,56564,High Both
Uttar Pradesh,Siddharthnagar,0.5954207998003619,0.6107920555156736,107280,High Both
Uttar Pradesh,Sitapur,0.7487810283687943,0.7618831754007482,264311,High Both
Uttar Pradesh,Sonbhadra,0.6919016419533675,0.6952434298171248,103755,High Both
Uttar Pradesh,Sultanpur,0.599802371541502,0.6249837232518772,98465,High Both
Uttar Pradesh,Unnao,0.6292338264517554,0.6365776458951533,146390,High Both
Uttar Pradesh,Varanasi,0.545746082043255,0.5682873930966591,182411,High Both
Uttarakhand,Almora,0.5073906795319236,0.5254566310773846,32408,High Both
Uttarakhand,Bageshwar,0.34904831625183014,0.3841800204568701,21495,Low Both
Uttarakhand,Chamoli,0.43752032079765907,0.5016949152542373,28402,"High Weekday, Low Weekend"
Uttarakhand,Champawat,0.456583427922815,0.5264134603488804,23214,"High Weekday, Low Weekend"
Uttarakhand,Dehradun,0.48451695103035675,0.5181162531123894,129280,"High Weekday, Low Weekend"
Uttarakhand,Haridwar,0.6092331517675958,0.6715817418505103,134636,High Both
Uttarakhand,Nainital,0.5163312101910829,0.5588909441852984,69361,High Both
Uttarakhand,Pauri Garhwal,0.5302888368462139,0.5613751655950111,43759,High Both
Uttarakhand,Pithoragarh,0.47934721440630274,0.532960841393558,30183,"High Weekday, Low Weekend"
Uttarakhand,Rudraprayag,0.4451552712248434,0.5003898050974512,24178,"High Weekday, Low Weekend"
Uttarakhand,Tehri Garhwal,0.4510856001996506,0.4880129929944489,57281,Low Both
Uttarakhand,Udham Singh Nagar,0.5787909556947919,0.6347044636704693,144867,High Both
Uttarakhand,Uttarkashi,0.5024509803921569,0.580538443988136,24468,High Both
West Bengal,Alipurduar,0.45738295318127253,0.5056574326960593,7625,"High Weekday, Low Weekend"
West Bengal,Bankura,0.48614270069918286,0.49279363852228175,108049,Low Both
West Bengal,Barddhaman,0.41781203399270556,0.44032295344592604,181126,Low Both
West Bengal,Bardhaman,0.2266701325708344,0.20352439969016267,14175,Low Both
West Bengal,Birbhum,0.4247986411703468,0.4359224881941052,110194,Low Both
West Bengal,Cooch Behar,0.4329896907216495,0.4498201917954182,45164,Low Both
West Bengal,Dakshin Dinajpur,0.45908630909353765,0.48661800486618007,44659,Low Both
West Bengal,Darjeeling,0.34076433121019106,0.344964054897974,40102,Low Both
West Bengal,Darjiling,0.20526315789473684,0.21084337349397592,2586,Low Both
West Bengal,East Midnapore,0.2816552035178712,0.2929072049341183,26704,Low Both
West Bengal,Haora,0.18955851436580237,0.19105924034804356,27755,Low Both
West Bengal,Hooghly,0.4245776269070194,0.4435232025129207,160772,Low Both
West Bengal,Howrah,0.4074074074074074,0.446240941357796,99364,Low Both
West Bengal,Jalpaiguri,0.3972470417773485,0.3990178683441762,80643,Low Both
West Bengal,Jhargram,0.36077844311377244,0.4737827715355805,4006,Low Both
West Bengal,Koch Bihar,0.2143574297188755,0.2023434957144407,13201,Low Both
West Bengal,Kolkata,0.2889156626506024,0.2963590587779607,91012,Low Both
West Bengal,Malda,0.39188592768630115,0.4081239378489925,95359,Low Both
West Bengal,Maldah,0.21873430436966348,0.24504610555228565,14176,Low Both
West Bengal,Murshidabad,0.40053260400172735,0.41764198677887027,219079,Low Both
West Bengal,Nadia,0.3853465925709272,0.41360791951413456,127801,Low Both
West Bengal,North 24 Parganas,0.4086281037591899,0.44071927282308,223910,Low Both
West Bengal,North Dinajpur,0.1762917933130699,0.1697459584295612,1195,Low Both
West Bengal,North Twenty Four Parganas,0.2027729636048527,0.19119258742652187,14653,Low Both
West Bengal,Paschim Bardhaman,0.3400486279958319,0.37088292277885415,10105,Low Both
West Bengal,Paschim Medinipur,0.4437203298076122,0.4769067333849606,148750,Low Both
West Bengal,Purba Bardhaman,0.37032540067994174,0.42523203850120317,12845,Low Both
West Bengal,Purba Medinipur,0.45172357836659943,0.4755098108117299,131356,Low Both
West Bengal,Purulia,0.26497277676951,0.24774612333213128,3875,Low Both
West Bengal,Puruliya,0.38048488687145926,0.3990451811486094,92096,Low Both
West Bengal,South 24 Parganas,0.4427354824733614,0.46466850608866367,224631,Low Both
West Bengal,South Dinajpur,0.2781740370898716,0.2521067415730337,2125,Low Both
West Bengal,South Twenty Four Parganas,0.24386737352861892,0.23650743719947873,33382,Low Both
West Bengal,Uttar Dinajpur,0.35274463007159906,0.3584403934258162,91756,Low Both
West Bengal,West Midnapore,0.223421926910299,0.23498996758759066,18978,Low Both
